Source,Headline,SourceURL,Date,Description,ImageURL,Sentiment,SentimentScore,Uploaded,PredictedCat
Economic Times,Inaugurate,https://economictimes.indiatimes.com/industry/transportation/railways/railways-starts-displaying-reservation-charts-vacant-seats-online/articleshow/68185065.cms,"February 27, 2019",The user-friendly interface will give graphical representation of the trai...,"https://img.etimg.com/thumb/msid-68185065,width-120,height-120/industry/transportation/railways/railways-starts-displaying-reservation-charts-vacant-seats-online.jpg",0,0.691291987895966,,P
Economic Times,Clean,https://economictimes.indiatimes.com/small-biz/startups/newsbuzz/irctc-launches-payment-aggregator-to-promote-governments-digital-india-initiative/articleshow/68199599.cms,"February 28, 2019","Under this new arrangement, IRCTC will have full control o...","https://img.etimg.com/thumb/msid-68199599,width-120,height-120/small-biz/startups/newsbuzz/irctc-launches-payment-aggregator-to-promote-governments-digital-india-initiative.jpg",1,0.163367033004761,,C
Economic Times,<h3>Samjhauta Express to run as per schedule between Delhi and Attari: Railways</h3>,https://economictimes.indiatimes.com/industry/transportation/railways/samjhauta-express-on-schedule-between-delhi-and-attari-railways/articleshow/68186706.cms,"February 27, 2019","""The train will run as per schedule as of now,"" Northern Railway spokesperson Deepak Kumar said.","https://img.etimg.com/thumb/width-165,height-123,msid-42031747/etlogo.jpg",1,0.234534993767738,,N
Economic Times,<h3>Assam to promote brand entity “Awesome Assam” on train</h3>,https://economictimes.indiatimes.com/news/politics-and-nation/assam-to-promote-brand-entity-awesome-assam-on-train/articleshow/68189365.cms,"February 27, 2019",Tourism Department of Assam has decided to use three Northeast Frontier Railway (NFR) trains to promote Assam tourism.,none,1,0.44057878851890603,,N
Economic Times,<h3>Railways to provide 45 acres of surplus land for development of Dharavi</h3>,https://economictimes.indiatimes.com/industry/transportation/railways/railways-to-provide-45-acres-of-surplus-land-for-development-of-dharavi/articleshow/68155088.cms,"February 25, 2019","Existing facilities on the land like railway quarters, which are 50 or 60 years old and in dilapidated condition, will be improved under the redevelopment project.","https://img.etimg.com/thumb/width-165,height-123,msid-42031747/etlogo.jpg",1,0.122846148908138,,N
Economic Times,<h3>JSPL emerges L1 bidder for railway order; stock up 2%</h3>,https://economictimes.indiatimes.com/markets/stocks/news/jspl-emerges-l1-bidder-for-railway-order-stock-up-1/articleshow/68111041.cms,"February 22, 2019","The share touched its 52-week high Rs 270.80 on 26 February, 2018.","https://img.etimg.com/thumb/width-165,height-123,msid-42031747/etlogo.jpg",1,0.407805383205414,,N
Economic Times,<h3>Palace on Wheels: A royal ride on Indian Railways’ luxurious train</h3>,https://economictimes.indiatimes.com/industry/transportation/railways/palace-on-wheels-a-royal-ride-on-indian-railways-luxurious-train/videoshow/67927985.cms,"February 10, 2019","Luxurious state of the art trains have attracted tourists to India from all across the globe. Among them, Palace on Wheels is dubbed as one of the best exquisite trains in the world. The name Palace on Wheels was derived from the royal background of the coaches. Unique blend of cultural and modern touches on Palace on Wheels make it an extraordinary luxury train.","https://img.etimg.com/thumb/width-165,height-123,msid-42031747/etlogo.jpg",1,0.27336472272872897,,N
Economic Times,<h3>JSL Lifestyle launches first dedicated facility for Railways</h3>,https://economictimes.indiatimes.com/industry/indl-goods/svs/steel/jsl-lifestyle-launches-first-dedicated-facility-for-railways/articleshow/68047671.cms,"February 18, 2019","The facility will produce railway coach sub-assemblies like side-wall, roof arch, trough floor and retention tanks for ICF, Chennai.","https://img.etimg.com/thumb/width-165,height-123,msid-42031747/etlogo.jpg",1,0.15522833168506603,,N
The Hindu,"
New railway terminus at Parel to be inaugurated today ",https://www.thehindu.com/news/cities/mumbai/new-railway-terminus-at-parel-to-be-inaugurated-today/article26420824.ece," March 02, 2019","
CR will extend 32 Dadar slow services to Parel
", ,1,0.24326354265213002,,P
The Hindu,"
Samjhauta Express services restored, train to run from India on March 3 ",https://www.thehindu.com/news/national/samjhauta-express-services-restored-train-to-run-from-india-on-sunday-railways/article26417575.ece," March 02, 2019","
Sources said footfall on the train, which generally records an occupancy of around 70%, had fallen d...
",https://www.thehindu.com/news/national/nvlgx7/article26394731.ece/BINARY/thumbnail/PTI2252019000137BTHNAK,1,0.40466648340225203,,N
The Hindu,"
Madurai Division has got 13 new trains in last four years: Minister ",https://www.thehindu.com/news/cities/Madurai/madurai-division-has-got-13-new-trains-in-last-four-years-minister/article26416307.ece," March 02, 2019","
Minister for Cooperation Sellur K. Raju on Friday said that 13 new trains have been introduced in Ma...
",https://www.thehindu.com/news/cities/Madurai/gv8866/article26416306.ece/BINARY/thumbnail/02MATejas,0,0.6073290705680849,,P
NDTV,"<strong>Indian Railways' Tatkal Ticket Charges: Timings, Charges For AC, Sleeper Classes</strong>",https://www.ndtv.com/business/irctc-indian-railways-tatkal-ticket-charges-booking-rules-cancellation-for-ac-sleeper-classes-2001755,"March  2, 2019","
                        A Tatkal ticket booking is available on payment of premium charges on a first-come-first-served basis, according to IRCTC's official website.                    ",https://c.ndtvimg.com/2019-01/j4rjbpc_jumbo-passenger-train_120x90_29_January_19.jpg,1,0.075808800756931,,N
NDTV,<strong>Samjhauta Express Train To Run From India On March 3: Railways</strong>,https://www.ndtv.com/india-news/samjhauta-express-train-to-run-from-india-on-march-3-railways-2001695,"March  2, 2019","
                        A day after Wing Commander Abhinandan Varthaman was released from Pakistan's captivity, India and Pakistan have agreed to resume services of the Samjhauta Express train that connects the estranged neighbours.                    ",https://c.ndtvimg.com/2019-02/fj9d8724_samjhauta-express-india-pak-twitter_120x90_28_February_19.jpg,1,0.18335165083408397,,N
NDTV,"<strong>RRB NTPC Registration For 35,277 Vacancies Started, Here're Direct Links</strong>",https://www.ndtv.com/jobs/rrb-ntpc-registration-2019-for-35-277-vacancies-started-herere-direct-links-2001451,"March  1, 2019","
                        RRB NTPC application: The registration process for 35,277 vacancies in RRB NTPC posts have started on the official websites of Railway Recruitment Boards.                    ",https://c.ndtvimg.com/2019-02/4ikoos58_rrb-_120x90_15_February_19.jpg,1,0.42086014151573203,,N
NDTV,<strong>Indian Railway Shifts RRB Group D Result Declaration To March</strong>,https://www.ndtv.com/jobs/rrb-group-d-result-update-result-declaration-now-in-march-2001016,"March  1, 2019","
                        RRB Group D result should be released soon. The result date has not been revealed yet.                    ",https://c.ndtvimg.com/2019-02/bpvm4f7_rrb-group-d-result_120x90_11_February_19.jpg,1,0.070016995072365,,N
NDTV,<strong>Traffic Constable Thrashed For Issuing Challan In Delhi</strong>,https://www.ndtv.com/india-news/traffic-constable-thrashed-for-issuing-challan-in-delhi-2000963,"March  1, 2019","
                        Angry over being challaned, three persons, including an auto-taxi driver union leader, allegedly thrashed a traffic police constable New Delhi railway station, police said Thursday.                    ",https://c.ndtvimg.com/2019-02/0bafhql8_police-generic_120x90_19_February_19.jfif,0,0.5474397540092469,,N
NDTV,<strong>Woman's Body Found In Sack Near Railway Line In Delhi</strong>,https://www.ndtv.com/delhi-news/womans-body-found-in-sack-near-railway-line-in-delhi-2000916,"February 28, 2019","
                        The body of a 25-year-old woman with strangle marks was found dumped in a sack near a railway line in southeast Delhi, police said Thursday.                    ",https://c.ndtvimg.com/2018-12/vcf4ghe_delhi-police-generic-240_120x90_29_December_18.jpg,0,0.686270534992218,,N
NDTV,<strong>PM Modi To Flag Off Madurai-Chennai Tejas Express On Friday</strong>,https://www.ndtv.com/tamil-nadu-news/pm-modi-to-flag-off-madurai-chennai-tejas-express-on-friday-2000912,"February 28, 2019","
                        Prime Minister Narendra Modi will be laying the foundation stone for two major railway projects and will also flag off Madurai-Chennai Tejas Express at a function at Kanyakumari on Friday.                    ",https://c.ndtvimg.com/2019-02/g99a055o_modi-rajasthan-pti_120x90_26_February_19.jpg,1,0.43451800942421004,,N
NDTV,"<strong>Indian Railways Suspends Samjhauta Express Citing ""Operational Reasons""</strong>",https://www.ndtv.com/india-news/indian-railways-suspends-samjhauta-express-citing-operational-reasons-2000887,"February 28, 2019","
                        The Indian Railways has suspended operations of the India-Pakistan Samjhauta Express from its end starting Thursday, news agency PTI said today. The decision, it said, was based on ""purely operational reasons"" arising from the fact that the train has been carrying very few passengers due to stoppage of services from Pakistan's side.                    ",https://c.ndtvimg.com/2019-02/fj9d8724_samjhauta-express-india-pak-twitter_120x90_28_February_19.jpg,1,0.051971107721329006,,N
NDTV,"<strong>RRB NTPC Notification Released For 35,277 Vacancies, Online Registration From Tomorrow</strong>",https://www.ndtv.com/jobs/rrb-ntpc-notification-2019-released-for-35-277-vacancies-online-registration-starts-on-march-1-2000840,"February 28, 2019","
                        The recruitment process based on this RRB NTPC notification will be undertaken by Railway Recruitment Board or RRB of the Indian Railways.                    ",https://c.ndtvimg.com/2018-10/998i7b4k_train-irctc-indian-railways_120x90_18_October_18.jpg,1,0.442075908184052,,N
NDTV,<strong>IRCTC Launches Payment Aggregator iPay: 5 Things To Know</strong>,https://www.ndtv.com/business/irctc-indian-railways-launches-ipay-for-faster-payment-service-how-to-use-other-details-2000746,"February 28, 2019","
                        With the launch of IRCTC iPay, the passengers will not need any third-party platforms.                    ",https://c.ndtvimg.com/2018-10/998i7b4k_train-irctc-indian-railways_120x90_18_October_18.jpg,1,0.13015604019165,,N
NDTV,<strong>Railway RPF SI Exam Result Announced</strong>,https://www.ndtv.com/jobs/railway-rpf-si-exam-result-announced-2000551,"February 28, 2019","
                        While the PET and PMT for Constable post is over, for SI group A, B, C and D the tests will be held in March.                    ",https://c.ndtvimg.com/2018-11/4r2no5to_railways-generic_120x90_20_November_18.jpg,0,0.532710134983063,,N
NDTV,"<strong>Andhra Pradesh To Get New Railway Zone, 18th In India: Rail Minister</strong>",https://www.ndtv.com/india-news/andhra-pradesh-to-get-new-railway-zone-18th-in-india-rail-minister-piyush-goyal-2000413,"February 28, 2019","
                        Railway Minister Piyush Goyal on Wednesday announced a new railway zone for Andhra Pradesh, days after a delegation of BJP lawmakers from the state met the minister demanding the same.                    ",https://i.ndtvimg.com/i/2017-07/indian-railways_240x180_51501136547.jpg,1,0.38346838951110795,,P
NDTV,<strong>New Railway Zone Announced For Andhra Pradesh</strong>,https://www.ndtv.com/india-news/railway-minister-piyush-goyal-announces-new-railway-zone-for-andhra-pradesh-2000304,"February 27, 2019","
                        Railway Minister Piyush Goyal Wednesday announced a new railway zone for Andhra Pradesh, days after a delegation of BJP MPs from the state met the minister demanding the same.                    ",https://i.ndtvimg.com/i/2017-09/piyush-goyal_240x180_41504969113.jpg,1,0.36501485109329207,,N
NDTV,"<strong>At Least 20 Dead, 43 Injured After Train Crash And Fire At Cairo Station</strong>",https://www.ndtv.com/world-news/egypt-20-killed-40-injured-in-cairo-railway-station-fire-says-report-2000096,"February 27, 2019","
                        At least 20 people were killed and 43 injured when a locomotive smashed through the buffers at the main train station in the Egyptian capital Cairo on Wednesday, the health minister said.                    ",https://c.ndtvimg.com/2019-02/5od3a5n_cairo-station-fire-feb-27-reuters_120x90_27_February_19.jpg,0,0.9659410715103149,,N
NDTV,"<strong>Railways Aim At Two-Locomotive Rajdhanis To Save Time, Increase Berths</strong>",https://www.ndtv.com/india-news/railways-aim-at-two-locomotive-rajdhanis-to-save-time-increase-berths-1999973,"February 27, 2019","
                        Aiming to increase the number of berths and save travel time, the Indian Railways is probing the idea of having two locomotives to haul its Rajdhani Express trains, one in front and the other at the rear, to increase their speed and save travel time, a railway ministry official said.                    ",https://i.ndtvimg.com/i/2017-02/rajdhani-express-240_240x180_51486924914.jpg,1,0.167093172669411,,N
NDTV,"<strong>Indian Railways' Tatkal Ticket Charges: Timings, Charges For AC, Sleeper Classes</strong>",https://www.ndtv.com/business/irctc-indian-railways-tatkal-ticket-charges-booking-rules-cancellation-for-ac-sleeper-classes-2001755,"March  2, 2019","
                        A Tatkal ticket booking is available on payment of premium charges on a first-come-first-served basis, according to IRCTC's official website.                    ",https://c.ndtvimg.com/2019-01/j4rjbpc_jumbo-passenger-train_120x90_29_January_19.jpg,1,0.075808800756931,,N
NDTV,<strong>Samjhauta Express Train To Run From India On March 3: Railways</strong>,https://www.ndtv.com/india-news/samjhauta-express-train-to-run-from-india-on-march-3-railways-2001695,"March  2, 2019","
                        A day after Wing Commander Abhinandan Varthaman was released from Pakistan's captivity, India and Pakistan have agreed to resume services of the Samjhauta Express train that connects the estranged neighbours.                    ",https://c.ndtvimg.com/2019-02/fj9d8724_samjhauta-express-india-pak-twitter_120x90_28_February_19.jpg,1,0.18335165083408397,,N
NDTV,"<strong>RRB NTPC Registration For 35,277 Vacancies Started, Here're Direct Links</strong>",https://www.ndtv.com/jobs/rrb-ntpc-registration-2019-for-35-277-vacancies-started-herere-direct-links-2001451,"March  1, 2019","
                        RRB NTPC application: The registration process for 35,277 vacancies in RRB NTPC posts have started on the official websites of Railway Recruitment Boards.                    ",https://c.ndtvimg.com/2019-02/4ikoos58_rrb-_120x90_15_February_19.jpg,1,0.42086014151573203,,N
NDTV,<strong>Indian Railway Shifts RRB Group D Result Declaration To March</strong>,https://www.ndtv.com/jobs/rrb-group-d-result-update-result-declaration-now-in-march-2001016,"March  1, 2019","
                        RRB Group D result should be released soon. The result date has not been revealed yet.                    ",https://c.ndtvimg.com/2019-02/bpvm4f7_rrb-group-d-result_120x90_11_February_19.jpg,1,0.070016995072365,,N
NDTV,<strong>Traffic Constable Thrashed For Issuing Challan In Delhi</strong>,https://www.ndtv.com/india-news/traffic-constable-thrashed-for-issuing-challan-in-delhi-2000963,"March  1, 2019","
                        Angry over being challaned, three persons, including an auto-taxi driver union leader, allegedly thrashed a traffic police constable New Delhi railway station, police said Thursday.                    ",https://c.ndtvimg.com/2019-02/0bafhql8_police-generic_120x90_19_February_19.jfif,0,0.5474397540092469,,N
NDTV,<strong>Woman's Body Found In Sack Near Railway Line In Delhi</strong>,https://www.ndtv.com/delhi-news/womans-body-found-in-sack-near-railway-line-in-delhi-2000916,"February 28, 2019","
                        The body of a 25-year-old woman with strangle marks was found dumped in a sack near a railway line in southeast Delhi, police said Thursday.                    ",https://c.ndtvimg.com/2018-12/vcf4ghe_delhi-police-generic-240_120x90_29_December_18.jpg,0,0.686270534992218,,N
NDTV,<strong>PM Modi To Flag Off Madurai-Chennai Tejas Express On Friday</strong>,https://www.ndtv.com/tamil-nadu-news/pm-modi-to-flag-off-madurai-chennai-tejas-express-on-friday-2000912,"February 28, 2019","
                        Prime Minister Narendra Modi will be laying the foundation stone for two major railway projects and will also flag off Madurai-Chennai Tejas Express at a function at Kanyakumari on Friday.                    ",https://c.ndtvimg.com/2019-02/g99a055o_modi-rajasthan-pti_120x90_26_February_19.jpg,1,0.43451800942421004,,N
NDTV,"<strong>Indian Railways Suspends Samjhauta Express Citing ""Operational Reasons""</strong>",https://www.ndtv.com/india-news/indian-railways-suspends-samjhauta-express-citing-operational-reasons-2000887,"February 28, 2019","
                        The Indian Railways has suspended operations of the India-Pakistan Samjhauta Express from its end starting Thursday, news agency PTI said today. The decision, it said, was based on ""purely operational reasons"" arising from the fact that the train has been carrying very few passengers due to stoppage of services from Pakistan's side.                    ",https://c.ndtvimg.com/2019-02/fj9d8724_samjhauta-express-india-pak-twitter_120x90_28_February_19.jpg,1,0.051971107721329006,,N
NDTV,"<strong>RRB NTPC Notification Released For 35,277 Vacancies, Online Registration From Tomorrow</strong>",https://www.ndtv.com/jobs/rrb-ntpc-notification-2019-released-for-35-277-vacancies-online-registration-starts-on-march-1-2000840,"February 28, 2019","
                        The recruitment process based on this RRB NTPC notification will be undertaken by Railway Recruitment Board or RRB of the Indian Railways.                    ",https://c.ndtvimg.com/2018-10/998i7b4k_train-irctc-indian-railways_120x90_18_October_18.jpg,1,0.442075908184052,,N
NDTV,<strong>IRCTC Launches Payment Aggregator iPay: 5 Things To Know</strong>,https://www.ndtv.com/business/irctc-indian-railways-launches-ipay-for-faster-payment-service-how-to-use-other-details-2000746,"February 28, 2019","
                        With the launch of IRCTC iPay, the passengers will not need any third-party platforms.                    ",https://c.ndtvimg.com/2018-10/998i7b4k_train-irctc-indian-railways_120x90_18_October_18.jpg,1,0.13015604019165,,N
NDTV,<strong>Railway RPF SI Exam Result Announced</strong>,https://www.ndtv.com/jobs/railway-rpf-si-exam-result-announced-2000551,"February 28, 2019","
                        While the PET and PMT for Constable post is over, for SI group A, B, C and D the tests will be held in March.                    ",https://c.ndtvimg.com/2018-11/4r2no5to_railways-generic_120x90_20_November_18.jpg,0,0.532710134983063,,N
NDTV,"<strong>Andhra Pradesh To Get New Railway Zone, 18th In India: Rail Minister</strong>",https://www.ndtv.com/india-news/andhra-pradesh-to-get-new-railway-zone-18th-in-india-rail-minister-piyush-goyal-2000413,"February 28, 2019","
                        Railway Minister Piyush Goyal on Wednesday announced a new railway zone for Andhra Pradesh, days after a delegation of BJP lawmakers from the state met the minister demanding the same.                    ",https://i.ndtvimg.com/i/2017-07/indian-railways_240x180_51501136547.jpg,1,0.38346838951110795,,P
NDTV,<strong>New Railway Zone Announced For Andhra Pradesh</strong>,https://www.ndtv.com/india-news/railway-minister-piyush-goyal-announces-new-railway-zone-for-andhra-pradesh-2000304,"February 27, 2019","
                        Railway Minister Piyush Goyal Wednesday announced a new railway zone for Andhra Pradesh, days after a delegation of BJP MPs from the state met the minister demanding the same.                    ",https://i.ndtvimg.com/i/2017-09/piyush-goyal_240x180_41504969113.jpg,1,0.36501485109329207,,N
NDTV,"<strong>At Least 20 Dead, 43 Injured After Train Crash And Fire At Cairo Station</strong>",https://www.ndtv.com/world-news/egypt-20-killed-40-injured-in-cairo-railway-station-fire-says-report-2000096,"February 27, 2019","
                        At least 20 people were killed and 43 injured when a locomotive smashed through the buffers at the main train station in the Egyptian capital Cairo on Wednesday, the health minister said.                    ",https://c.ndtvimg.com/2019-02/5od3a5n_cairo-station-fire-feb-27-reuters_120x90_27_February_19.jpg,0,0.9659410715103149,,N
NDTV,"<strong>Railways Aim At Two-Locomotive Rajdhanis To Save Time, Increase Berths</strong>",https://www.ndtv.com/india-news/railways-aim-at-two-locomotive-rajdhanis-to-save-time-increase-berths-1999973,"February 27, 2019","
                        Aiming to increase the number of berths and save travel time, the Indian Railways is probing the idea of having two locomotives to haul its Rajdhani Express trains, one in front and the other at the rear, to increase their speed and save travel time, a railway ministry official said.                    ",https://i.ndtvimg.com/i/2017-02/rajdhani-express-240_240x180_51486924914.jpg,1,0.167093172669411,,N
Financial Express,"India’s 1st vertical lift Pamban bridge, Indian Railways line to Ram Setu! PM Modi to lay foundation stones",https://www.financialexpress.com/infrastructure/railways/indias-1st-vertical-lift-pamban-bridge-indian-railways-line-to-ram-setu-pm-modi-to-lay-foundation-stones/1502175/,"March 01, 2019","The Rameswaram-Dhanushkodi rail line is likely to benefit several tourists visiting the popular tourist destination. The section will also be equipped with modern signalling equipment, electronic inte",https://images.financialexpress.com/2019/03/collage-660-620x400.jpg?w=620&h=400&imflag=true,1,0.014111457392573001,,N
Financial Express,India cancels Samjhauta Express operations on its end amid escalating tensions with Pakistan,https://www.financialexpress.com/infrastructure/railways/india-cancels-samjhauta-express-operations-on-its-end-amid-escalating-tensions-with-pakistan/1501718/,"February 28, 2019","Pakistan has already suspended services on its end, officials said here, amidst strain in ties in the aftermath of the February 14 terror attack on CRPF personnel in Pulwama and subsequent development",https://images.financialexpress.com/2019/02/SAMJHAUTA1-620x400.jpg?w=620&h=400&imflag=true,0,0.52208799123764,,N
Financial Express,"In a first, Indian Railways’ ICF makes swanky coaches for UNESCO Heritage Nilgiri Mountain Railway; see pics",https://www.financialexpress.com/infrastructure/railways/in-a-first-indian-railways-icf-makes-swanky-coaches-for-unesco-heritage-nilgiri-mountain-railway-see-pics/1501437/,"February 28, 2019","The coaches that will now run on NMR will be swankier. This is the first time, that Integral Coach Factory (ICF) has come forward for designing and developing new age steel bodied coaches for the NMR.",https://images.financialexpress.com/2019/02/nilgiri-collage-660-620x400.jpg?w=620&h=400&imflag=true,1,0.137715473771095,,P
Financial Express,IRCTC ticket booking gets easier! Say goodbye to payment failures on irctc.co.in with this new step,https://www.financialexpress.com/infrastructure/railways/irctc-ticket-booking-e-ticketing-website-irctc-co-in-ipay-payments-refund/1501273/,"February 28, 2019","Booking train ticket on the IRCTC next-generation e-ticketing website? Tired of payment failures? Big relief coming with the new IRCTC iPay,",https://images.financialexpress.com/2019/02/irctc-660-2-620x400.jpg?w=620&h=400&imflag=true,1,0.258682429790497,,P
Financial Express,"Indian Railways rolls out new ‘Make in India’ 160 kmph WAP-7HS locomotive for Rajdhani, Shatabdi and Duronto",https://www.financialexpress.com/infrastructure/railways/indian-railways-rolls-out-new-make-in-india-160-kmph-wap-7hs-locomotive-for-rajdhani-shatabdi-and-duronto/1501006/,"February 28, 2019","The newly manufactured semi high-speed passenger WAP-7HS locomotive is expected to facilitate operation of premium trains of Indian Railways such as Rajdhani Express, Shatabdi Express and Duranto Expr",https://images.financialexpress.com/2019/02/locomotive-660-620x400.jpg?w=620&h=400&imflag=true,1,0.032334759831429,,P
Financial Express,"Railways creates new zone for Andhra, to be headquartered in Vishakhapatnam",https://www.financialexpress.com/infrastructure/railways/railways-creates-new-zone-for-andhra-to-be-headquartered-in-vishakhapatnam/1500818/,"February 28, 2019","The ministry of railways on Wednesday created a new railway zone — South Coast Railway (ScoR) — which will be headquartered in Visakhapatnam. With this addition, the railways will now have 17 zone",https://images.financialexpress.com/2019/02/67-5-620x400.jpg?w=620&h=400&imflag=true,1,0.054623130708932995,,P
Financial Express,Delhi metro on red alert in view of tensions between India and Pakistan,https://www.financialexpress.com/infrastructure/railways/delhi-metro-on-red-alert-in-view-of-tensions-between-india-and-pakistan/1500518/,"February 27, 2019","""As advised by security agencies, a red alert has been imposed on the entire DMRC network from 6 pm onwards,"" a senior DMRC official said.",https://images.financialexpress.com/2019/02/dmrc-1-620x400.jpg?w=620&h=400&imflag=true,0,0.7268878221511841,,N
Financial Express,Indian Railways passengers note! No more running after TTE for berths as reservation charts go public on IRCTC,https://www.financialexpress.com/infrastructure/railways/indian-railways-passengers-note-no-more-running-after-tte-for-berths-as-reservation-charts-go-public-on-irctc/1499932/,"February 27, 2019",The information will be made available after preparation of the first chart around 4 hours before the departure of the train and the second chart will be available around 30 minutes before the train l,https://images.financialexpress.com/2019/02/irctc-660-1-620x400.jpg?w=620&h=400&imflag=true,1,0.068083360791206,,N
Financial Express,Andhra Pradesh CM N Chandrababu Naidu seeks speedy action on setting up new railway zone at Vizag,https://www.financialexpress.com/infrastructure/railways/andhra-pradesh-cm-n-chandrababu-naidu-seeks-speedy-action-on-setting-up-new-railway-zone-at-vizag/1499755/,"February 27, 2019",BJP leaders from the State had met Prime Minister Narendra Modi and Railway Minister Piyush Goyal in New Delhi two days ago and requested that a positive decision be taken on the railway zone.,https://images.financialexpress.com/2019/02/Railways-train-660-620x400.jpg?w=620&h=400&imflag=true,1,0.470203667879105,,P
Financial Express,Saving Vande Bharat Express: What Indian Railways is doing to prevent stone pelting incidents on Train 18,https://www.financialexpress.com/infrastructure/railways/saving-vande-bharat-express-what-indian-railways-is-doing-to-prevent-stone-pelting-incidents-on-train-18/1498947/,"February 26, 2019","The Railway Protection Force (RPF) has been roped in by Indian Railways to identify areas where stone-pelting cases usually occur. The RPF, which is entrusted with securing railway property has also b",https://images.financialexpress.com/2019/02/vande-bharat-express-660-1-620x400.jpg?w=620&h=400&imflag=true,1,0.02738862298429,,N
Financial Express,"Just like Rajdhani and Shatabdi, Indian Railways to give ‘Swarn’ makeover to Mail/Express trains too!",https://www.financialexpress.com/infrastructure/railways/just-like-rajdhani-and-shatabdi-indian-railways-to-give-swarn-makeover-to-mail-express-trains-too/1498952/,"February 26, 2019","In the first phase of the project, the first AC coaches will be upgraded according to the scheme. Further, after reviewing the results of the first phase, the coaches of other classes will also be mod",https://images.financialexpress.com/2019/02/rajdhani1-660-1-620x400.jpg?w=620&h=400&imflag=true,1,0.05063833668828,,N
Financial Express,"Mumbai-Ahmedabad bullet train: Name India’s 1st bullet train, design its mascot and win a prize! Details here",https://www.financialexpress.com/infrastructure/railways/mumbai-ahmedabad-bullet-train-name-indias-1st-bullet-train-design-its-mascot-and-win-a-prize-details-here/1498901/,"February 26, 2019","The corporation, which is implementing this project, has asked for entries for the name along with the designing of mascot for the bullet train project by March 25. The Mumbai-Ahmedabad bullet train i",https://images.financialexpress.com/2019/02/red-bullet-660-1-620x400.jpg?w=620&h=400&imflag=true,0,0.510748982429504,,P
Financial Express,Get real-time Indian Railways information with Rail Drishti! PNR enquiry to status of trains; top 10 points,https://www.financialexpress.com/infrastructure/railways/indian-railways-rail-drishti-dashboard-features-piyush-goyal-raildrishti-cris-org-in/1498326/,"February 25, 2019","Indian Railways goes transparent with new Rail Drishti Dashboard! PNR enquiry, status of Mail/Express trains or any real-time data about Indian Railways is now available at the click of a button.",https://images.financialexpress.com/2019/02/rail-drishti-660-620x400.jpg?w=620&h=400&imflag=true,1,0.027416186407209,,N
Financial Express,Vande Bharat Express: Indian Railways plans to start Train 18 operations on these 3 routes; find out here,https://www.financialexpress.com/infrastructure/railways/vande-bharat-express-indian-railways-plans-to-start-train-18-operations-on-these-3-routes-find-out-here/1497659/,"February 25, 2019","Vande Bharat Express will soon run on 3 new routes namely, Bengaluru-Mangaluru route, Mangaluru-Chennai route as well as Mangaluru-Hyderabad route.",https://images.financialexpress.com/2019/02/train-18-660-3-620x400.jpg?w=620&h=400&imflag=true,1,0.027973851189017,,P
Financial Express,"Ganga Expressway, India’s longest expressway, on fast-track! What Yogi Adityanath government is doing; details",https://www.financialexpress.com/infrastructure/railways/ganga-expressway-indias-longest-expressway-on-fast-track-what-yogi-adityanath-government-is-doing-details/1497643/,"February 25, 2019","The total length of the Ganga Expressway will be 1,020 km. The expressway will be built in two phases. In phase one, 596 km road stretch from Meerut to Prayagraj will be built.",https://images.financialexpress.com/2019/02/GANGA-ROAD-L-620x400.jpg?w=620&h=400&imflag=true,1,0.415903151035309,,N
Financial Express,This Indian Railways station in Varanasi will take your breath away! Beautiful pics of new Manduadih station,https://www.financialexpress.com/infrastructure/railways/this-indian-railways-station-in-varanasi-will-take-your-breath-away-beautiful-pics-of-new-manduadih-station/1497574/,"February 25, 2019","Provided with a complete modern makeover, the Manduadih railway station can be easily mistaken for an airport or a corporate office. Not only does the station building make the Manduadih railway stati",https://images.financialexpress.com/2019/02/varanasi-660-620x400.jpg?w=620&h=400&imflag=true,1,0.08140292018652001,,P
Financial Express,Assam-Tamil Nadu train: Indian Railways launches new Silaghat-Tambaram Weekly Express; details here,https://www.financialexpress.com/infrastructure/railways/assam-tamil-nadu-train-indian-railways-launches-new-silaghat-tambaram-weekly-express-details-here/1497536/,"February 25, 2019",The train was flagged off by Union Minister of State for Railways Rajen Gohain on Friday from Nagaon railway station to Tambaram in Tamil Nadu. The train will run every week between Silghat Town in As,https://images.financialexpress.com/2019/02/rail-5-660-1-620x400.jpg?w=620&h=400&imflag=true,1,0.05181611329317099,,P
Financial Express,Bengaluru suburban rail on fast-track! Piyush Goyal takes big step for project; 5 takeaways for common man,https://www.financialexpress.com/infrastructure/railways/bengaluru-suburban-rail-on-fast-track-piyush-goyal-takes-big-step-for-project-5-takeaways-for-common-man/1495859/,"February 22, 2019",Bengaluru suburban railway project on fast-track! Railway Minister Piyush Goyal has stepped in to expedite the execution of the proposed Bengaluru suburban railway project. ,https://images.financialexpress.com/2019/02/bengauluru-sub-660-620x400.jpg?w=620&h=400&imflag=true,1,0.279589533805847,,N
Financial Express,Statue of Unity by train: Visit world’s tallest statue with IRCTC Bharat Darshan tour package; check details,https://www.financialexpress.com/infrastructure/railways/statue-of-unity-by-train-visit-worlds-tallest-statue-with-irctc-bharat-darshan-tour-package-check-details/1495539/,"February 22, 2019","The new IRCTC tour package has been designed to pay tribute to Sardar Vallabhbhai Patel, who is also fondly remembered as the Iron Man of India. At a height of 182 metres, the Statue of Unity is locat",https://images.financialexpress.com/2019/02/STATUE-OF-UNITY-660-620x400.jpg?w=620&h=400&imflag=true,0,0.5029921531677249,,N
Financial Express,"Mumbai-Ahmedabad bullet train: Contract for India’s first such project likely to be of Rs 15,000-20,000 crore",https://www.financialexpress.com/infrastructure/railways/mumbai-ahmedabad-bullet-train-contract-for-indias-first-such-project-likely-to-be-of-rs-15000-20000-crore/1495433/,"February 22, 2019","The job for civil works will include construction of the over 200 km long viaduct for the high-speed corridor in Gujarat along with all the installations that come with it, including four stations Sur",https://images.financialexpress.com/2019/02/red-bullet-660-620x400.jpg?w=620&h=400&imflag=true,1,0.07746206223964701,,P
Financial Express,Great news! Travel time on Rajdhani Express trains to reduce by an hour – thanks to new Indian Railways step,https://www.financialexpress.com/infrastructure/railways/great-news-travel-time-on-rajdhani-express-trains-to-reduce-by-an-hour-thanks-to-new-indian-railways-step/1495388/,"February 22, 2019","The project is totally 'Make in India', utilizing indigenous rolling stock without any additional cost. Moreover, it will also provide all the deliverables such as enhanced speed, doing away with the ",https://images.financialexpress.com/2019/02/rajdhani-660-1-620x400.jpg?w=620&h=400&imflag=true,1,0.043456505984068,,P
Financial Express,"IRCTC Ram Sethu Express tour package: Explore Tamil Nadu heritage, covering 18 temples; journey details here",https://www.financialexpress.com/infrastructure/railways/irctc-ram-sethu-express-tour-package-explore-tamil-nadu-heritage-covering-18-temples-journey-details-here/1495343/,"February 22, 2019"," The 4-day temple tour package, namely, ‘Ram Sethu Express - Tamil Nadu Temple Tour’ is starting on February 28 from the state capital Chennai, in Tamil Nadu. It will begin early in the morning fr",https://images.financialexpress.com/2019/02/railways-l-ap-660-1-620x400.jpg?w=620&h=400&imflag=true,1,0.19787196815013897,,N
Financial Express,Wow! New IRCTC PNR linking to make Indian Railways refund claims easier for connecting journeys – FE exclusive,https://www.financialexpress.com/infrastructure/railways/wow-new-irctc-pnr-linking-to-make-indian-railways-refund-claims-easier-for-connecting-journeys-fe-exclusive/1494667/,"February 21, 2019","IRCTC PNR linking and refund rule changes for connecting journeys: In a big passenger-friendly move, Piyush Goyal-led Indian Railways is all set to change introduce the concept of linking PNRs.",https://images.financialexpress.com/2019/02/pnr-660-620x400.jpg?w=620&h=400&imflag=true,1,0.005879660602659,,P
