THE TRIBUNE,CHANDIGARH,Chandigarh,Daily,Big,English,CA,78,1.0,9816516151,865765
"ANDAMAN SENTINEL - 101064
13-05-2009",ANDAMAN AND NICOBAR,Port Blair,Daily,Small,English,CA,5817,7.6,9810758903,89787
THE ANDAMAN EXPRESS - 100771 02-05-2008,ANDAMAN AND NICOBAR,Port Blair,Daily,Small,English,CA,3350,5.3,9434280981,6756
THE ECHO OF INDIA - 101067 14-07-2008,ANDAMAN AND NICOBAR,Port Blair,Daily,Small,English,CA,2134,5.3,329585,4654
THE TRIBUNE,CHANDIGARH,Chandigarh,Daily,Big,English,CA,78,76.4,9816516151,865765
ANDHRA PRABHA â€“ 410345 29-09-2009,ANDAMAN AND NICOBAR,Anantapura,Daily,Small,Telegu,CA,5000,5.3,9949022598,67576
DECCAN CHRONICLE - 100820,ANDAMAN AND NICOBAR,ANANTHAPUR,Daily,Medium,English,CA,27280,12.4,9849998038,46545
ANDHRA JYOTHI - 410202,ANDAMAN AND NICOBAR,ANANTHAPUR,Daily,Medium,Telegu,CA,25776,12.4,248980,85465
ANDHRA BHOOMI - 410198,ANDAMAN AND NICOBAR,ANANTHAPUR,Daily,Small,Telegu,ABC,20664,10.0,9849998038,546534
TEL.J.D.PATRIKA VAARTHA - 410171,ANDAMAN AND NICOBAR,ANANTHAPUR,Daily,Small,Telegu,CA,17497,10.0,9849998038,11212
SAKSHI - 410350,HYDERABAD,Hyderabad,Daily,Big,Telegu,CA,12,76.4,9810813134,97846
